City_ID,City,Country,Date,Lat,Lng,Max Temp,Humidity,Cloudiness,Wind Speed,Current Description
0,Jumla,NP,2023-01-29 16:15:45,29.2747,82.1838,34.2,58,0,7.99,clear sky
1,Tasiilaq,GL,2023-01-29 16:12:31,65.6145,-37.6368,17.76,75,35,5.61,scattered clouds
2,Dhidhdhoo,MV,2023-01-29 16:09:30,6.8833,73.1,80.53,73,8,10.92,clear sky
3,Rikitea,PF,2023-01-29 16:12:31,-23.1203,-134.9692,78.46,74,72,10.71,broken clouds
4,Kibala,TD,2023-01-29 16:15:45,9.1104,18.3463,98.78,9,8,4.85,clear sky
5,Vaini,TO,2023-01-29 16:12:34,-21.2,-175.2,75.36,94,20,0.0,few clouds
6,Kruisfontein,ZA,2023-01-29 16:15:46,-34.0033,24.7314,66.88,56,97,15.14,overcast clouds
7,Gisborne,NZ,2023-01-29 16:15:46,-38.6533,178.0042,62.55,94,100,6.04,overcast clouds
8,Akdepe,TM,2023-01-29 16:15:47,42.0551,59.3788,30.92,42,6,9.89,clear sky
9,Carson City,US,2023-01-29 16:13:57,39.1638,-119.7674,33.33,73,100,10.36,overcast clouds
10,Derzhavinsk,KZ,2023-01-29 16:15:47,51.1,66.3167,-1.61,97,20,7.34,few clouds
11,Tommot,RU,2023-01-29 16:12:16,58.9564,126.2925,-24.36,100,100,0.98,overcast clouds
12,Nome,US,2023-01-29 16:15:48,64.5011,-165.4064,33.87,80,100,13.8,overcast clouds
13,Slave Lake,CA,2023-01-29 16:15:14,55.2834,-114.769,-4.09,95,76,1.54,broken clouds
14,Richards Bay,ZA,2023-01-29 16:15:48,-28.783,32.0377,71.15,74,100,12.46,light rain
15,Bluff,NZ,2023-01-29 16:14:00,-46.6,168.3333,56.41,78,71,9.73,broken clouds
16,Madridejos,ES,2023-01-29 16:15:49,39.4682,-3.532,41.9,53,84,9.8,broken clouds
17,Sao Bento Do Sul,BR,2023-01-29 16:15:49,-26.2503,-49.3786,90.21,31,38,2.73,scattered clouds
18,Yellowknife,CA,2023-01-29 16:06:57,62.456,-114.3525,-24.45,74,100,3.0,overcast clouds
19,Talhar,PK,2023-01-29 16:15:50,24.8833,68.8167,65.14,19,0,6.26,clear sky
20,Salvador,SV,2023-01-29 16:15:50,13.8333,-88.9167,81.0,44,13,4.47,few clouds
21,Punta Arenas,CL,2023-01-29 16:09:14,-53.15,-70.9167,62.71,42,40,27.63,scattered clouds
22,Ardakan,IR,2023-01-29 16:15:50,32.31,54.0175,50.79,38,8,5.59,clear sky
23,Barrow,US,2023-01-29 16:06:47,71.2906,-156.7887,-2.18,78,100,8.05,overcast clouds
24,Rio Gallegos,AR,2023-01-29 16:15:51,-51.6226,-69.2181,59.22,53,99,19.98,overcast clouds
25,Sao Filipe,CV,2023-01-29 16:15:51,14.8961,-24.4956,72.09,70,84,14.25,broken clouds
26,Jamestown,US,2023-01-29 16:10:51,42.097,-79.2353,38.79,97,100,12.66,light rain
27,Busselton,AU,2023-01-29 16:06:45,-33.65,115.3333,65.75,68,57,15.21,broken clouds
28,Fortuna,US,2023-01-29 16:06:44,40.5982,-124.1573,41.94,97,100,3.44,overcast clouds
29,Turukhansk,RU,2023-01-29 16:14:01,65.8167,87.9833,0.57,94,97,6.67,overcast clouds
30,Nikolskoye,RU,2023-01-29 16:15:52,59.7035,30.7861,33.69,89,100,9.8,overcast clouds
31,Port Alfred,ZA,2023-01-29 16:12:42,-33.5906,26.891,71.19,56,93,1.99,overcast clouds
32,Pangnirtung,CA,2023-01-29 16:10:56,66.1451,-65.7125,-29.51,73,57,5.17,broken clouds
33,Ponta Delgada,PT,2023-01-29 16:15:53,37.7333,-25.6667,59.72,67,40,12.66,scattered clouds
34,Camacha,PT,2023-01-29 16:15:53,33.0833,-16.3333,56.62,58,40,13.8,scattered clouds
35,Puerto Suarez,BO,2023-01-29 16:15:54,-18.95,-57.8,81.16,83,75,13.8,mist
36,Ushuaia,AR,2023-01-29 16:12:27,-54.8,-68.3,45.37,95,100,2.1,light rain
37,Port Lincoln,AU,2023-01-29 16:08:09,-34.7333,135.8667,61.14,79,3,10.8,clear sky
38,Dasoguz,TM,2023-01-29 16:15:54,41.8363,59.9666,31.03,42,7,8.63,clear sky
39,Banjar,ID,2023-01-29 16:15:54,-8.19,114.9675,77.11,93,100,4.68,overcast clouds
40,Pisco,PE,2023-01-29 16:15:55,-13.7,-76.2167,75.25,73,0,9.22,clear sky
41,Butaritari,KI,2023-01-29 16:12:29,3.0707,172.7902,81.18,76,100,20.71,light rain
42,Kodiak,US,2023-01-29 16:09:41,57.79,-152.4072,35.11,100,100,0.0,mist
43,Kapuskasing,CA,2023-01-29 16:15:55,49.4169,-82.4331,-11.2,84,40,3.44,scattered clouds
44,La Cumbre,AR,2023-01-29 16:15:56,-30.982,-64.4914,73.45,74,96,9.26,moderate rain
45,Vieux-Habitants,GP,2023-01-29 16:15:56,16.0589,-61.7659,81.97,64,8,7.9,clear sky
46,Cape Town,ZA,2023-01-29 16:10:13,-33.9258,18.4232,81.01,33,0,20.71,clear sky
47,Victoria,HK,2023-01-29 16:03:35,22.2855,114.1577,59.25,36,93,7.87,overcast clouds
48,Chippewa Falls,US,2023-01-29 16:15:02,44.9369,-91.3929,1.96,65,0,6.91,clear sky
49,Avila,ES,2023-01-29 16:16:56,40.5833,-5.0,36.64,60,50,7.78,scattered clouds
50,Lethem,GY,2023-01-29 16:16:57,3.3803,-59.7968,89.73,39,51,11.18,broken clouds
51,Mataura,NZ,2023-01-29 16:14:10,-46.1927,168.8643,49.98,82,42,2.77,scattered clouds
52,Alakurtti,RU,2023-01-29 16:16:57,66.9672,30.3491,1.74,100,88,0.56,overcast clouds
53,Qaanaaq,GL,2023-01-29 16:13:51,77.484,-69.3632,-3.93,82,100,1.52,overcast clouds
54,Tuktoyaktuk,CA,2023-01-29 16:10:51,69.4541,-133.0374,-0.13,96,100,6.13,overcast clouds
55,Ambulu,ID,2023-01-29 16:16:58,-8.345,113.6058,75.0,95,100,1.52,overcast clouds
56,Thompson,CA,2023-01-29 16:16:58,55.7435,-97.8558,-25.44,68,40,6.91,scattered clouds
57,Atuona,PF,2023-01-29 16:13:53,-9.8,-139.0333,78.71,78,37,20.76,light rain
58,Bara,NG,2023-01-29 16:16:59,10.3744,10.7288,98.38,15,61,1.48,broken clouds
59,Kosh-Agach,RU,2023-01-29 16:16:59,50.0,88.6667,-5.87,77,99,4.74,overcast clouds
60,Albany,US,2023-01-29 16:12:14,42.6001,-73.9662,43.74,72,100,7.34,overcast clouds
61,Skibbereen,IE,2023-01-29 16:16:59,51.55,-9.2667,53.11,88,100,14.25,overcast clouds
62,Polovinnoye,RU,2023-01-29 16:17:00,54.7914,65.9864,3.18,95,10,8.75,clear sky
63,Kazachinskoye,RU,2023-01-29 16:17:00,57.6953,93.2761,13.37,90,100,9.01,overcast clouds
64,Puerto Ayora,EC,2023-01-29 16:12:41,-0.7393,-90.3518,82.36,91,87,5.01,light rain
65,Fare,PF,2023-01-29 16:17:00,-16.7,-151.0167,80.4,75,6,12.15,clear sky
66,Ilulissat,GL,2023-01-29 16:08:04,69.2167,-51.1,10.42,61,39,24.16,scattered clouds
67,Salalah,OM,2023-01-29 16:08:27,17.0151,54.0924,73.49,20,0,11.5,clear sky
68,Maragogi,BR,2023-01-29 16:17:01,-9.0122,-35.2225,84.6,60,41,11.32,scattered clouds
69,Port Elizabeth,ZA,2023-01-29 16:17:02,-33.918,25.5701,69.1,60,40,13.8,scattered clouds
70,Caravelas,BR,2023-01-29 16:13:57,-17.7125,-39.2481,84.49,57,94,9.84,overcast clouds
71,Ndola,ZM,2023-01-29 16:17:04,-12.9587,28.6366,66.65,96,100,4.5,light rain
72,Inirida,CO,2023-01-29 16:17:05,3.8653,-67.9239,90.61,43,42,2.8,scattered clouds
73,Biak,ID,2023-01-29 16:09:45,-0.9131,122.8766,76.01,84,94,2.35,overcast clouds
74,Aklavik,CA,2023-01-29 16:13:57,68.2191,-135.0107,-6.23,93,77,1.9,broken clouds
75,East London,ZA,2023-01-29 16:08:01,-33.0153,27.9116,67.44,59,100,7.11,overcast clouds
76,Kaitangata,NZ,2023-01-29 16:17:06,-46.2817,169.8464,52.86,75,41,5.44,scattered clouds
77,Souillac,MU,2023-01-29 16:17:07,-20.5167,57.5167,79.18,89,75,3.44,broken clouds
78,Hermanus,ZA,2023-01-29 16:13:56,-34.4187,19.2345,71.8,55,100,24.99,overcast clouds
79,Kautokeino,NO,2023-01-29 16:17:08,69.0125,23.0412,7.97,93,96,1.59,overcast clouds
80,New Norfolk,AU,2023-01-29 16:12:48,-42.7826,147.0587,60.3,66,62,0.45,broken clouds
81,Sistranda,NO,2023-01-29 16:17:09,63.7256,8.834,40.96,94,100,23.02,light rain
82,Coihaique,CL,2023-01-29 16:17:10,-45.5752,-72.0662,75.15,50,40,8.05,scattered clouds
83,Qaqortoq,GL,2023-01-29 16:17:11,60.7167,-46.0333,16.09,67,100,9.6,overcast clouds
84,Saryozek,KZ,2023-01-29 16:17:13,44.3583,77.9753,11.21,75,58,3.85,broken clouds
85,Dondo,MZ,2023-01-29 16:17:14,-19.6094,34.7431,85.51,60,35,10.65,scattered clouds
86,Castro,BR,2023-01-29 16:17:15,-24.7911,-50.0119,82.06,51,13,7.2,few clouds
87,Upernavik,GL,2023-01-29 16:14:00,72.7868,-56.1549,-5.08,92,98,8.75,overcast clouds
88,Geraldton,AU,2023-01-29 16:13:52,-28.7667,114.6,82.81,51,78,10.36,broken clouds
89,Christchurch,NZ,2023-01-29 16:17:16,-43.5333,172.6333,63.91,92,100,6.91,mist
90,Kapaa,US,2023-01-29 16:12:49,22.0752,-159.319,71.92,72,100,23.02,moderate rain
91,College,US,2023-01-29 16:18:17,64.8569,-147.8028,21.15,89,100,8.05,overcast clouds
92,Ponta Do Sol,PT,2023-01-29 16:14:10,32.6667,-17.1,63.72,61,65,6.89,light rain
93,Udaipur,IN,2023-01-29 16:18:18,24.5712,73.6918,61.07,86,57,2.33,broken clouds
94,Westport,US,2023-01-29 16:17:49,41.1415,-73.3579,51.33,77,0,10.36,clear sky
95,Fairbanks,US,2023-01-29 16:12:49,64.8378,-147.7164,21.16,89,100,8.05,overcast clouds
96,Lovozero,RU,2023-01-29 16:18:19,68.005,35.0117,19.35,86,100,6.85,overcast clouds
97,Mar Del Plata,AR,2023-01-29 16:10:12,-38.0023,-57.5575,81.82,80,0,11.99,clear sky
98,Quatre Cocos,MU,2023-01-29 16:18:20,-20.2078,57.7625,82.09,79,100,3.33,overcast clouds
99,Yuzhno-Kurilsk,RU,2023-01-29 16:18:22,44.0306,145.8556,20.71,74,100,7.87,overcast clouds
100,Preeceville,CA,2023-01-29 16:18:23,51.95,-102.6677,-16.8,92,79,10.31,broken clouds
101,Chervona Sloboda,UA,2023-01-29 16:18:25,49.3789,32.1464,29.05,77,28,9.33,scattered clouds
102,Ribeira Grande,PT,2023-01-29 16:12:35,38.5167,-28.7,61.2,67,40,9.22,scattered clouds
103,Carnarvon,AU,2023-01-29 16:09:40,-24.8667,113.6333,73.74,80,0,8.16,clear sky
104,Katsuura,JP,2023-01-29 16:18:26,35.1333,140.3,42.84,65,14,12.5,few clouds
105,Tadine,NC,2023-01-29 16:18:28,-21.55,167.8833,75.94,83,100,2.26,overcast clouds
106,Kirando,TZ,2023-01-29 16:18:29,-7.4167,30.6,76.82,74,18,4.36,light rain
107,Poum,NC,2023-01-29 16:18:30,-20.2333,164.0167,79.09,77,73,15.61,broken clouds
108,Tautira,PF,2023-01-29 16:18:31,-17.7333,-149.15,79.52,76,11,9.13,few clouds
109,Saskylakh,RU,2023-01-29 16:18:32,71.9167,114.0833,-31.14,98,100,2.57,overcast clouds
110,Hobart,AU,2023-01-29 16:09:58,-42.8794,147.3294,60.66,87,100,4.61,overcast clouds
111,Russellville,US,2023-01-29 16:15:15,35.2784,-93.1338,52.05,95,100,3.0,mist
112,Ilinskaya,RU,2023-01-29 16:18:34,45.7219,40.7211,39.92,68,100,6.73,overcast clouds
113,Worland,US,2023-01-29 16:18:35,44.0169,-107.9554,-1.32,94,100,6.22,overcast clouds
114,Helong,CN,2023-01-29 16:18:35,42.5397,128.9972,2.84,93,55,5.44,broken clouds
115,Auki,SB,2023-01-29 16:18:37,-8.7676,160.7034,76.3,90,100,4.38,heavy intensity rain
116,Yatou,CN,2023-01-29 16:18:40,37.15,122.3833,27.63,72,0,5.84,clear sky
117,Kavieng,PG,2023-01-29 16:18:42,-2.5744,150.7967,82.53,76,72,8.32,light rain
118,Sarankhola,BD,2023-01-29 16:18:43,22.3082,89.7897,65.23,28,48,4.41,scattered clouds
119,Salinas,US,2023-01-29 16:16:53,36.6777,-121.6555,48.51,87,100,12.66,overcast clouds
120,Takoradi,GH,2023-01-29 16:09:47,4.8845,-1.7554,83.77,71,62,12.44,light rain
121,Killybegs,IE,2023-01-29 16:18:43,54.6333,-8.45,49.71,86,94,20.11,overcast clouds
122,Shingu,JP,2023-01-29 16:18:44,33.7333,135.9833,34.59,85,8,8.77,clear sky
123,Werda,BW,2023-01-29 16:18:44,-25.2667,23.2833,89.06,26,53,16.2,broken clouds
124,Bredasdorp,ZA,2023-01-29 16:18:44,-34.5322,20.0403,68.38,54,99,21.59,overcast clouds
125,Sosnovo-Ozerskoye,RU,2023-01-29 16:18:45,52.5249,111.5418,-5.28,100,92,3.56,overcast clouds
126,Vila Franca Do Campo,PT,2023-01-29 16:12:46,37.7167,-25.4333,59.41,69,60,8.12,broken clouds
127,Talcahuano,CL,2023-01-29 16:18:46,-36.7167,-73.1167,69.48,64,0,10.36,clear sky
128,Laizhou,CN,2023-01-29 16:18:46,37.1717,119.9214,29.12,56,0,3.62,clear sky
129,Kachug,RU,2023-01-29 16:18:46,53.9606,105.8817,7.23,98,100,0.74,overcast clouds
130,Hithadhoo,MV,2023-01-29 16:12:44,-0.6,73.0833,82.17,73,79,9.84,broken clouds
131,Vostok,RU,2023-01-29 16:18:47,46.4856,135.8833,-22.79,99,75,4.36,broken clouds
132,Provideniya,RU,2023-01-29 16:18:47,64.3833,-173.3,22.51,93,84,15.41,broken clouds
133,Pacific Grove,US,2023-01-29 16:15:00,36.6177,-121.9166,48.09,90,100,11.01,mist
134,Itarema,BR,2023-01-29 16:18:48,-2.9248,-39.9167,86.16,57,26,14.43,scattered clouds
135,Tabas,IR,2023-01-29 16:18:48,33.5959,56.9244,50.22,37,65,2.3,broken clouds
136,Arzgir,RU,2023-01-29 16:18:49,45.3728,44.2206,39.0,71,100,12.17,overcast clouds
137,Saint George,US,2023-01-29 16:09:24,37.1041,-113.5841,32.59,80,100,4.61,overcast clouds
138,Avarua,CK,2023-01-29 16:08:23,-21.2078,-159.775,80.65,78,40,6.91,light rain
139,Kokstad,ZA,2023-01-29 16:19:49,-30.5472,29.4241,51.35,96,100,2.68,overcast clouds
140,Aksarka,RU,2023-01-29 16:19:50,66.5606,67.7975,-10.41,100,100,5.59,overcast clouds
141,Tuatapere,NZ,2023-01-29 16:19:50,-46.1333,167.6833,55.45,64,98,4.47,overcast clouds
142,Georgetown,MY,2023-01-29 16:19:50,5.4112,100.3354,83.23,70,20,4.61,few clouds
143,Taoudenni,ML,2023-01-29 16:19:51,22.6783,-3.9836,72.45,16,33,2.28,scattered clouds
144,Pevek,RU,2023-01-29 16:12:47,69.7008,170.3133,-6.52,100,49,2.26,scattered clouds
145,Tura,IN,2023-01-29 16:19:51,25.5198,90.2201,63.5,58,0,3.47,clear sky
146,Cabo San Lucas,MX,2023-01-29 16:08:50,22.8909,-109.9124,70.11,56,0,6.91,clear sky
147,Khatanga,RU,2023-01-29 16:19:52,71.9667,102.5,-40.45,100,75,4.47,broken clouds
148,Bubaque,GW,2023-01-29 16:19:52,11.2833,-15.8333,78.35,42,94,8.12,overcast clouds
149,Sao Gabriel Da Cachoeira,BR,2023-01-29 16:19:52,-0.1303,-67.0892,75.0,100,100,3.44,mist
150,Mayo,US,2023-01-29 16:19:52,38.8876,-76.5119,52.03,57,75,11.5,broken clouds
151,Hilo,US,2023-01-29 16:12:38,19.7297,-155.09,70.29,86,0,3.0,light rain
152,Comodoro Rivadavia,AR,2023-01-29 16:19:53,-45.8667,-67.5,78.66,44,0,10.36,clear sky
153,Pecos,US,2023-01-29 16:15:32,31.4229,-103.4932,59.31,66,0,0.0,clear sky
154,Asarganj,IN,2023-01-29 16:19:53,25.15,86.6833,63.39,49,0,2.8,clear sky
155,Necochea,AR,2023-01-29 16:19:54,-38.5473,-58.7368,84.9,32,0,8.77,clear sky
156,Iqaluit,CA,2023-01-29 16:19:54,63.7506,-68.5145,-34.31,73,40,0.0,scattered clouds
157,Husavik,IS,2023-01-29 16:19:54,66.0449,-17.3389,28.06,94,100,18.77,snow
158,San Cristobal,VE,2023-01-29 16:19:55,7.7669,-72.225,73.58,34,23,5.99,few clouds
159,Los Llanos De Aridane,ES,2023-01-29 16:14:06,28.6585,-17.9182,58.75,84,75,9.22,broken clouds
160,Moose Factory,CA,2023-01-29 16:19:55,51.2585,-80.6094,-11.2,70,0,8.05,clear sky
161,Havoysund,NO,2023-01-29 16:19:55,70.9963,24.6622,34.03,82,99,4.21,light snow
162,Barra Patuca,HN,2023-01-29 16:19:56,15.8,-84.2833,79.34,73,97,12.68,light rain
163,Jiayuguan,CN,2023-01-29 16:16:47,39.8167,98.3,22.46,35,54,1.43,broken clouds
164,Mount Isa,AU,2023-01-29 16:19:56,-20.7333,139.5,80.37,69,75,0.0,broken clouds
165,Saldanha,ZA,2023-01-29 16:19:56,-33.0117,17.9442,67.77,66,56,19.19,broken clouds
166,Bambous Virieux,MU,2023-01-29 16:10:59,-20.3428,57.7575,82.22,79,100,3.27,overcast clouds
167,Acapulco,MX,2023-01-29 16:15:13,16.8634,-99.8901,78.62,69,75,3.44,broken clouds
168,Hermiston,US,2023-01-29 16:19:57,45.8404,-119.2895,22.39,54,0,0.0,clear sky
169,Anderson,US,2023-01-29 16:15:04,34.5334,-82.6499,56.19,58,100,3.44,overcast clouds
170,Cidreira,BR,2023-01-29 16:14:11,-30.1811,-50.2056,80.26,74,5,14.67,clear sky
171,Sao Raimundo Nonato,BR,2023-01-29 16:19:57,-9.0153,-42.6994,93.49,25,0,7.47,clear sky
172,Djibo,BF,2023-01-29 16:19:58,14.1022,-1.6306,84.63,4,85,7.16,overcast clouds
173,Sebina,BW,2023-01-29 16:19:58,-20.8667,27.25,82.89,36,84,11.99,broken clouds
174,Chaihe,CN,2023-01-29 16:19:58,44.7667,129.7,-8.73,98,95,1.32,overcast clouds
175,Astoria,US,2023-01-29 16:19:59,46.1879,-123.8313,34.86,82,0,6.91,clear sky
176,Yenagoa,NG,2023-01-29 16:19:59,4.9247,6.2642,79.38,82,90,7.2,heavy intensity rain
177,Anadyr,RU,2023-01-29 16:19:59,64.75,177.4833,28.9,86,100,29.08,overcast clouds
178,Mukhen,RU,2023-01-29 16:20:00,48.1,136.1,-16.65,96,20,3.98,few clouds
179,Marzuq,YE,2023-01-29 16:20:00,14.4,46.4667,66.34,48,11,6.35,few clouds
180,Ayia Galini,GR,2023-01-29 16:20:00,35.1,24.6833,53.74,64,22,6.22,few clouds
181,Port Augusta,AU,2023-01-29 16:20:01,-32.5,137.7667,72.48,79,97,10.98,overcast clouds
182,Mount Gambier,AU,2023-01-29 16:21:01,-37.8333,140.7667,52.83,89,1,4.59,clear sky
183,Yazd,IR,2023-01-29 16:21:02,31.8972,54.3675,51.91,43,20,6.91,few clouds
184,Jaru,BR,2023-01-29 16:21:03,-10.4389,-62.4664,75.52,92,100,5.01,moderate rain
185,Bengkulu,ID,2023-01-29 16:16:13,-3.8004,102.2655,76.33,90,100,5.77,overcast clouds
186,Nalut,LY,2023-01-29 16:21:05,30.3333,10.85,54.61,21,6,10.98,clear sky
187,Lorengau,PG,2023-01-29 16:21:06,-2.0226,147.2712,80.65,80,96,3.98,overcast clouds
188,Lebu,CL,2023-01-29 16:12:43,-37.6167,-73.65,64.96,80,72,16.46,broken clouds
189,Narsaq,GL,2023-01-29 16:21:07,60.9167,-46.05,17.82,68,100,8.93,overcast clouds
190,Lompoc,US,2023-01-29 16:21:08,34.6391,-120.4579,50.85,86,75,8.01,broken clouds
191,Mao,ES,2023-01-29 16:21:12,39.8885,4.2658,48.76,87,75,18.41,broken clouds
192,Makakilo City,US,2023-01-29 16:21:14,21.3469,-158.0858,70.12,80,75,13.8,light intensity drizzle
193,Anuradhapura,LK,2023-01-29 16:21:14,8.3565,80.4173,70.39,91,100,5.61,overcast clouds
194,Chuy,UY,2023-01-29 16:14:15,-33.6971,-53.4616,80.17,59,58,15.35,broken clouds
195,Markova,UA,2023-01-29 16:21:18,48.6758,24.4138,26.1,74,81,3.49,broken clouds
196,Umm Kaddadah,SD,2023-01-29 16:21:20,13.6017,26.6876,86.43,8,96,9.46,overcast clouds
197,Bethel,US,2023-01-29 16:21:21,41.3712,-73.414,48.56,75,0,5.75,clear sky
198,Iberia,US,2023-01-29 16:21:21,29.9502,-91.7507,65.05,94,100,8.05,moderate rain
199,Beringovskiy,RU,2023-01-29 16:21:22,63.05,179.3167,23.2,95,100,10.22,light snow
200,Chokurdakh,RU,2023-01-29 16:12:50,70.6333,147.9167,-34.58,100,87,3.98,overcast clouds
201,Mahabad,IR,2023-01-29 16:21:24,36.7631,45.7222,33.42,94,14,9.84,few clouds
202,Whyalla,AU,2023-01-29 16:18:39,-33.0333,137.5833,69.64,81,100,16.51,overcast clouds
203,Sitka,US,2023-01-29 16:21:26,57.0531,-135.33,33.69,80,40,0.0,scattered clouds
204,Ketchikan,US,2023-01-29 16:21:28,55.3422,-131.6461,30.18,86,0,0.0,clear sky
205,Kudahuvadhoo,MV,2023-01-29 16:21:29,2.6708,72.8944,80.53,76,26,6.11,scattered clouds
206,Ixtapa,MX,2023-01-29 16:18:57,20.7,-105.2,76.23,78,75,0.0,broken clouds
207,Esperance,AU,2023-01-29 16:21:30,-33.8667,121.9,62.73,68,58,11.01,broken clouds
208,San Vicente,AR,2023-01-29 16:21:31,-26.6167,-54.1333,75.45,68,99,3.42,overcast clouds
209,Luderitz,NA,2023-01-29 16:21:32,-26.6481,15.1594,67.12,70,0,20.78,clear sky
210,Beian,NO,2023-01-29 16:21:33,63.6559,9.5683,41.09,87,75,18.41,moderate rain
211,Angoche,MZ,2023-01-29 16:21:35,-16.2325,39.9086,81.3,83,98,7.7,light rain
212,Chapais,CA,2023-01-29 16:14:08,49.7834,-74.8492,-3.84,89,98,4.03,overcast clouds
213,Sibu,MY,2023-01-29 16:21:41,2.3,111.8167,75.51,94,40,2.3,moderate rain
214,Maanshan,CN,2023-01-29 16:21:42,31.6957,118.4983,26.65,47,0,3.56,clear sky
215,Coquimbo,CL,2023-01-29 16:18:31,-29.9533,-71.3436,64.13,77,100,8.05,overcast clouds
216,Luau,AO,2023-01-29 16:21:44,-10.7073,22.2247,73.78,84,43,3.27,light rain
217,Touros,BR,2023-01-29 16:18:56,-5.1989,-35.4608,87.46,53,27,15.32,scattered clouds
218,Xining,CN,2023-01-29 16:16:57,36.6167,101.7667,28.02,24,0,0.56,clear sky
219,Buin,CL,2023-01-29 16:21:45,-33.7333,-70.75,92.12,15,0,8.79,clear sky
220,Abay,KZ,2023-01-29 16:21:45,49.6311,72.8539,-9.02,97,6,5.21,clear sky
221,Kununurra,AU,2023-01-29 16:21:46,-15.7667,128.7333,76.98,94,40,5.75,scattered clouds
222,Inzhavino,RU,2023-01-29 16:21:46,52.3185,42.4937,22.46,97,100,7.9,light snow
223,Bangkalan,ID,2023-01-29 16:21:46,-7.0455,112.7351,76.95,86,100,8.05,overcast clouds
224,Bereda,ES,2023-01-29 16:21:47,43.2686,-7.5406,45.14,82,40,7.83,scattered clouds
225,Zaysan,KZ,2023-01-29 16:21:47,47.4667,84.8667,-1.46,84,55,4.29,broken clouds
226,Shache,CN,2023-01-29 16:21:47,38.4167,77.2406,16.84,89,41,4.18,scattered clouds
227,Monte Alegre,BR,2023-01-29 16:17:00,-2.0078,-54.0692,85.78,58,41,4.5,scattered clouds
228,Airai,TL,2023-01-29 16:22:48,-8.9266,125.4092,61.36,94,94,1.12,light rain
229,Mount Pleasant,US,2023-01-29 16:21:27,32.7941,-79.8626,67.05,74,0,10.36,clear sky
230,Grindavik,IS,2023-01-29 16:22:48,63.8424,-22.4338,36.07,87,75,8.05,broken clouds
231,Vrangel,RU,2023-01-29 16:22:49,42.7297,133.0839,13.42,71,100,7.38,overcast clouds
232,Codrington,AU,2023-01-29 16:22:49,-38.2667,141.9667,54.91,82,0,5.32,clear sky
233,Yar-Sale,RU,2023-01-29 16:13:57,66.8333,70.8333,-26.27,100,36,3.31,scattered clouds
234,Mahebourg,MU,2023-01-29 16:13:59,-20.4081,57.7,82.26,79,100,2.82,overcast clouds
235,Tiksi,RU,2023-01-29 16:13:54,71.6872,128.8694,-33.63,97,95,6.87,overcast clouds
236,Arraial Do Cabo,BR,2023-01-29 16:22:50,-22.9661,-42.0278,89.56,66,20,17.27,few clouds
237,Saint-Philippe,RE,2023-01-29 16:22:50,-21.3585,55.7679,83.79,87,100,4.09,overcast clouds
238,Plettenberg Bay,ZA,2023-01-29 16:22:50,-34.0527,23.3716,66.88,62,71,18.81,broken clouds
239,Mabaruma,GY,2023-01-29 16:22:51,8.2,-59.7833,83.68,41,7,6.06,clear sky
240,Lagoa,PT,2023-01-29 16:22:51,39.05,-27.9833,57.42,71,92,12.33,overcast clouds
241,Bilibino,RU,2023-01-29 16:22:51,68.0546,166.4372,-1.75,94,99,4.74,overcast clouds
242,Kulhudhuffushi,MV,2023-01-29 16:22:52,6.6221,73.07,80.46,72,5,11.12,clear sky
243,Makokou,GA,2023-01-29 16:22:52,0.5738,12.8642,87.57,45,52,3.38,broken clouds
244,Hamilton,US,2023-01-29 16:22:52,39.1834,-84.5333,45.41,92,100,14.97,mist
245,Pangai,TO,2023-01-29 16:22:53,-19.8,-174.35,82.26,73,90,7.18,overcast clouds
246,Longyearbyen,SJ,2023-01-29 16:22:53,78.2186,15.6401,28.24,74,40,24.16,scattered clouds
247,Campbell River,CA,2023-01-29 16:22:53,50.0163,-125.2446,31.44,93,0,2.3,clear sky
248,Mbandaka,CD,2023-01-29 16:22:54,0.0487,18.2603,75.69,82,42,11.97,light rain
249,Gelnhausen,DE,2023-01-29 16:22:54,50.2,9.1833,34.34,75,92,4.25,overcast clouds
250,Porbandar,IN,2023-01-29 16:22:55,21.6422,69.6093,67.24,55,0,11.92,clear sky
251,Hervey Bay,AU,2023-01-29 16:22:55,-25.2986,152.8535,75.7,76,100,5.41,overcast clouds
252,Bonavista,CA,2023-01-29 16:22:56,48.6499,-53.1147,32.65,61,71,26.31,broken clouds
253,Mahon,ES,2023-01-29 16:22:56,39.8885,4.2658,48.76,87,75,18.41,broken clouds
254,Traralgon,AU,2023-01-29 16:22:56,-38.1833,146.5333,62.38,95,93,1.34,overcast clouds
255,Bud,US,2023-01-29 16:22:57,39.447,-86.1758,46.35,95,100,6.69,overcast clouds
256,Arlit,NE,2023-01-29 16:22:57,18.7369,7.3853,79.63,3,61,9.62,broken clouds
257,Laguna,US,2023-01-29 16:22:57,38.421,-121.4238,46.76,89,40,9.22,scattered clouds
258,Portland,US,2023-01-29 16:20:50,45.5234,-122.6762,32.88,48,0,10.0,clear sky
259,Nelson Bay,AU,2023-01-29 16:22:58,-32.7167,152.15,73.99,97,100,5.99,light rain
260,Santa Isabel Do Rio Negro,BR,2023-01-29 16:22:58,-0.4139,-65.0192,90.12,46,70,5.41,broken clouds
261,Sterling,US,2023-01-29 16:22:45,39.0062,-77.4286,49.55,59,75,11.5,broken clouds
262,Flinders,AU,2023-01-29 16:22:59,-34.5833,150.8552,75.18,91,100,5.99,overcast clouds
263,Roseburg,US,2023-01-29 16:19:35,43.2165,-123.3417,32.34,73,0,10.36,clear sky
264,Olinda,BR,2023-01-29 16:21:35,-8.0089,-34.8553,83.93,61,75,10.36,broken clouds
265,Moses Lake,US,2023-01-29 16:22:59,47.1301,-119.2781,19.76,42,100,12.66,overcast clouds
266,Tezu,IN,2023-01-29 16:23:00,27.9167,96.1667,65.95,35,5,4.76,clear sky
267,Marsa Matruh,EG,2023-01-29 16:23:00,31.3525,27.2453,60.84,61,0,10.16,clear sky
268,Cockburn Town,TC,2023-01-29 16:23:00,21.4612,-71.1419,80.56,54,40,16.11,scattered clouds
269,Praia Da Vitoria,PT,2023-01-29 16:23:01,38.7333,-27.0667,62.76,72,40,11.18,scattered clouds
270,Eyl,SO,2023-01-29 16:23:01,7.9803,49.8164,75.49,74,0,22.88,clear sky
271,Leningradskiy,RU,2023-01-29 16:23:03,69.3833,178.4167,2.21,86,4,4.38,clear sky
272,Bathsheba,BB,2023-01-29 16:23:04,13.2167,-59.5167,83.01,54,20,13.8,few clouds
273,Torbay,CA,2023-01-29 16:23:05,47.6666,-52.7314,38.5,83,75,25.32,light rain
274,Boddam,GB,2023-01-29 16:24:05,57.4667,-1.7833,48.58,82,100,24.27,overcast clouds
275,Norman Wells,CA,2023-01-29 16:23:14,65.282,-126.8329,15.84,86,100,11.5,light snow
276,Boguchany,RU,2023-01-29 16:24:08,58.3814,97.4531,12.92,89,100,9.51,overcast clouds
277,Walcz,PL,2023-01-29 16:24:09,53.2779,16.4712,33.06,98,100,12.59,overcast clouds
278,Quelimane,MZ,2023-01-29 16:24:10,-17.8786,36.8883,85.95,84,20,10.36,few clouds
279,Nedjo,ET,2023-01-29 16:24:12,9.5046,35.5019,69.08,25,50,4.56,scattered clouds
280,Ambilobe,MG,2023-01-29 16:24:14,-13.2,49.05,77.81,87,43,3.83,scattered clouds
281,Luganville,VU,2023-01-29 16:24:16,-15.5333,167.1667,79.83,85,98,3.04,overcast clouds
282,Margate,GB,2023-01-29 16:24:18,51.3813,1.3862,45.9,83,90,4.0,overcast clouds
283,Ngunguru,NZ,2023-01-29 16:24:20,-35.6167,174.5,68.16,93,100,18.16,heavy intensity rain
284,Lubana,LV,2023-01-29 16:24:20,56.9,26.7167,32.09,98,100,8.25,overcast clouds
285,Port Hedland,AU,2023-01-29 16:24:22,-20.3167,118.5667,82.45,89,91,2.3,overcast clouds
286,Dikson,RU,2023-01-29 16:24:25,73.5069,80.5464,-28.19,97,18,4.23,few clouds
287,Antanifotsy,MG,2023-01-29 16:24:25,-19.65,47.3167,62.56,86,81,5.44,broken clouds
288,Keuruu,FI,2023-01-29 16:24:26,62.2667,24.7,30.38,84,100,9.8,overcast clouds
289,Pangody,RU,2023-01-29 16:24:27,65.85,74.4859,-25.01,100,67,3.8,broken clouds
290,Karpogory,RU,2023-01-29 16:21:12,64.0019,44.4451,16.52,92,99,10.04,overcast clouds
291,Khorixas,NA,2023-01-29 16:24:28,-20.3667,14.9667,86.27,28,13,18.21,few clouds
292,Nipawin,CA,2023-01-29 16:24:29,53.3668,-104.0009,-18.36,63,0,14.97,clear sky
293,Hamina,FI,2023-01-29 16:24:31,60.5697,27.1979,33.08,91,100,15.05,overcast clouds
294,Klyuchi,RU,2023-01-29 16:24:32,52.2667,79.1667,4.89,98,88,7.27,overcast clouds
295,Koumac,NC,2023-01-29 16:24:33,-20.5667,164.2833,75.99,85,85,9.55,overcast clouds
296,Miraflores,MX,2023-01-29 16:24:33,19.2167,-98.8083,63.03,32,0,3.58,clear sky
297,Kropotkin,RU,2023-01-29 16:24:34,45.4375,40.5756,40.68,70,100,6.89,overcast clouds
298,Belaya Gora,RU,2023-01-29 16:24:36,68.5333,146.4167,-40.52,100,39,3.27,scattered clouds
299,Aquiraz,BR,2023-01-29 16:24:36,-3.9014,-38.3911,93.45,54,2,12.46,clear sky
300,Kampli,IN,2023-01-29 16:24:37,15.4,76.6167,73.72,54,27,10.04,scattered clouds
301,Presidencia Roque Saenz Pena,AR,2023-01-29 16:24:39,-26.7852,-60.4388,104.09,23,10,2.84,clear sky
302,Ostrovnoy,RU,2023-01-29 16:21:13,68.0531,39.5131,23.79,89,64,22.24,broken clouds
303,Puri,IN,2023-01-29 16:24:40,19.8,85.85,72.12,76,0,8.75,clear sky
304,Pryazha,RU,2023-01-29 16:24:41,61.6926,33.6216,29.43,92,100,10.96,overcast clouds
305,Bekovo,RU,2023-01-29 16:24:42,52.4663,43.712,20.91,97,100,7.58,light snow
306,Avera,US,2023-01-29 16:24:42,33.194,-82.5271,51.85,72,98,4.83,overcast clouds
307,Duncanville,US,2023-01-29 16:24:43,32.6518,-96.9083,45.12,89,100,19.57,mist
308,Cap Malheureux,MU,2023-01-29 16:24:43,-19.9842,57.6142,82.47,79,100,4.03,overcast clouds
309,Puro,PH,2023-01-29 16:24:43,12.4841,123.3827,76.23,87,100,15.9,overcast clouds
310,Kitimat,CA,2023-01-29 16:21:42,54.0524,-128.6534,21.9,73,5,4.99,clear sky
311,Salamiyah,SY,2023-01-29 16:24:44,35.0113,37.0532,52.83,70,77,4.38,broken clouds
312,Puerto Escondido,MX,2023-01-29 16:24:44,15.85,-97.0667,85.03,74,0,6.91,clear sky
313,Karratha,AU,2023-01-29 16:24:44,-20.7377,116.8463,86.36,51,85,9.28,overcast clouds
314,Puerto Montt,CL,2023-01-29 16:22:53,-41.4698,-72.9447,68.83,73,75,11.5,broken clouds
315,Filingue,NE,2023-01-29 16:24:45,14.3521,3.3168,88.97,5,98,9.48,overcast clouds
316,Klaksvik,FO,2023-01-29 16:24:45,62.2266,-6.589,40.12,76,77,41.54,light rain
317,Port Macquarie,AU,2023-01-29 16:24:46,-31.4333,152.9167,73.89,88,100,6.76,moderate rain
318,Lavrentiya,RU,2023-01-29 16:24:46,65.5833,-171.0,23.29,90,100,8.63,overcast clouds
319,Omsukchan,RU,2023-01-29 16:24:46,62.5333,155.8,-1.68,98,100,12.35,light snow
320,Dafeng,CN,2023-01-29 16:24:47,23.4517,108.5881,55.53,33,5,2.44,clear sky
321,Avanigadda,IN,2023-01-29 16:24:47,16.0215,80.9181,72.97,84,6,7.25,clear sky
322,Buraydah,SA,2023-01-29 16:25:47,26.326,43.975,66.65,40,32,5.5,scattered clouds
323,Golovino,RU,2023-01-29 16:25:48,55.9613,40.4251,20.7,94,100,8.08,overcast clouds
324,Nemuro,JP,2023-01-29 16:25:48,43.3236,145.575,20.68,57,16,8.77,few clouds
325,Namibe,AO,2023-01-29 16:25:48,-15.1961,12.1522,77.16,79,99,10.94,overcast clouds
326,Tiarei,PF,2023-01-29 16:25:49,-17.5333,-149.3333,75.22,75,7,9.37,clear sky
327,Ruidoso,US,2023-01-29 16:25:49,33.3317,-105.673,44.26,40,0,24.16,clear sky
328,Suileng,CN,2023-01-29 16:25:49,47.25,127.0833,-11.94,100,93,3.36,overcast clouds
329,Camalu,MX,2023-01-29 16:25:50,30.85,-116.0667,53.17,76,67,5.28,broken clouds
330,Pyshchug,RU,2023-01-29 16:25:50,58.8873,45.7134,19.02,94,100,8.43,overcast clouds
331,Yumen,CN,2023-01-29 16:25:50,40.2833,97.2,22.32,27,90,2.93,overcast clouds
332,Kupang,ID,2023-01-29 16:25:51,-10.1667,123.5833,78.35,87,96,3.94,overcast clouds
333,Singaparna,ID,2023-01-29 16:25:51,-7.3515,108.111,71.69,93,99,2.82,overcast clouds
334,Warangal,IN,2023-01-29 16:25:52,18.0,79.5833,74.62,48,10,11.03,clear sky
335,Zhezkazgan,KZ,2023-01-29 16:25:52,47.8043,67.7144,-5.04,96,5,5.77,clear sky
336,Matara,LK,2023-01-29 16:25:52,5.9485,80.5353,73.63,82,0,1.66,clear sky
337,Kaifeng,CN,2023-01-29 16:25:53,34.7911,114.3483,39.54,22,0,7.05,clear sky
338,Mitsamiouli,KM,2023-01-29 16:25:53,-11.3847,43.2844,81.36,79,42,5.84,scattered clouds
339,Storforshei,NO,2023-01-29 16:25:53,66.4043,14.5233,33.58,80,75,12.66,light snow
340,Lafayette,US,2023-01-29 16:25:54,30.2335,-92.0668,64.53,98,100,3.0,mist
341,Santa Rosa,PH,2023-01-29 16:25:54,14.3122,121.1114,76.98,82,48,12.26,scattered clouds
342,Kabompo,ZM,2023-01-29 16:25:54,-13.5927,24.2008,68.74,88,98,5.93,overcast clouds
343,Ambon,ID,2023-01-29 16:25:55,-3.6954,128.1814,79.23,14,40,6.91,scattered clouds
344,Awjilah,LY,2023-01-29 16:25:55,29.1081,21.2869,61.16,37,0,10.09,clear sky
345,Chaman,PK,2023-01-29 16:25:55,30.9236,66.4512,36.12,80,91,2.55,overcast clouds
346,Siuna,NI,2023-01-29 16:25:56,13.7332,-84.7773,80.49,62,76,6.8,broken clouds
347,Faya,SA,2023-01-29 16:25:56,18.3851,42.4509,59.11,72,40,4.45,scattered clouds
348,Cayenne,GF,2023-01-29 16:25:56,4.9333,-52.3333,82.44,65,100,9.22,overcast clouds
349,Pudozh,RU,2023-01-29 16:25:57,61.8099,36.5345,26.33,94,100,9.33,overcast clouds
350,Kuala Selangor,MY,2023-01-29 16:25:57,3.35,101.25,80.8,79,97,7.18,overcast clouds
351,La Libertad,EC,2023-01-29 16:25:57,-2.2333,-80.9,85.66,66,0,8.05,clear sky
352,Valparaiso,CL,2023-01-29 16:22:47,-33.0393,-71.6273,67.64,77,75,12.66,broken clouds
353,Severo-Kurilsk,RU,2023-01-29 16:25:58,50.6789,156.125,25.45,75,100,30.56,overcast clouds
354,Drumheller,CA,2023-01-29 16:25:58,51.4617,-112.7101,-3.95,90,100,7.07,overcast clouds
355,Ilo,PE,2023-01-29 16:25:58,-17.6394,-71.3375,74.12,79,60,6.53,broken clouds
356,Orlik,RU,2023-01-29 16:25:59,52.5178,99.825,-4.74,88,100,2.82,overcast clouds
357,Elizabeth City,US,2023-01-29 16:25:59,36.2946,-76.2511,59.02,56,0,10.36,clear sky
358,Aykhal,RU,2023-01-29 16:26:00,66.0,111.5,-29.85,100,94,4.59,overcast clouds
359,Zlobin,HR,2023-01-29 16:26:00,45.2924,14.6541,33.1,60,0,6.91,clear sky
360,Chimbote,PE,2023-01-29 16:26:00,-9.0853,-78.5783,75.63,68,85,7.92,overcast clouds
361,Berlevag,NO,2023-01-29 16:26:01,70.8578,29.0864,35.6,87,88,27.63,light snow
362,Willmar,US,2023-01-29 16:21:44,45.1219,-95.0433,-2.25,71,0,9.22,clear sky
363,Deputatskiy,RU,2023-01-29 16:26:01,69.3,139.9,-40.38,97,18,4.27,few clouds
364,Ust-Nera,RU,2023-01-29 16:26:01,64.5667,143.2,-36.71,99,46,1.79,scattered clouds
365,Mana,GF,2023-01-29 16:26:02,5.6592,-53.7767,78.15,82,71,7.96,broken clouds
366,Matane,CA,2023-01-29 16:27:02,48.8286,-67.522,4.51,82,91,7.47,overcast clouds
367,Almaznyy,RU,2023-01-29 16:27:02,48.0448,40.045,32.65,85,100,7.49,overcast clouds
368,Igarka,RU,2023-01-29 16:24:26,67.4667,86.5833,-1.26,97,95,5.08,overcast clouds
369,Ransang,PH,2023-01-29 16:27:03,8.9603,117.5828,77.5,84,77,4.54,broken clouds
370,Luena,AO,2023-01-29 16:27:03,-11.7833,19.9167,71.56,74,97,3.85,light rain
371,Kodinsk,RU,2023-01-29 16:27:04,58.6881,99.1844,13.71,91,100,9.22,overcast clouds
372,Urumqi,CN,2023-01-29 16:27:04,43.801,87.6005,-4.85,78,75,2.24,mist
373,Riyadh,SA,2023-01-29 16:24:12,24.6877,46.7219,66.34,38,4,4.74,clear sky
374,Marshall,US,2023-01-29 16:27:04,34.3834,-86.3333,49.93,66,100,4.61,light rain
375,Karlstad,SE,2023-01-29 16:27:05,59.3793,13.5036,41.56,81,100,16.11,light rain
376,Viedma,AR,2023-01-29 16:27:05,-40.8135,-62.9967,99.09,14,0,16.82,clear sky
377,Vao,NC,2023-01-29 16:27:05,-22.6667,167.4833,76.15,76,93,8.28,overcast clouds
378,Harnosand,SE,2023-01-29 16:27:06,62.6323,17.9379,33.82,86,100,14.79,overcast clouds
379,Samarai,PG,2023-01-29 16:27:06,-10.6167,150.6667,82.96,79,96,10.27,overcast clouds
380,Batticaloa,LK,2023-01-29 16:27:07,7.7102,81.6924,76.73,80,100,4.72,overcast clouds
381,La Ronge,CA,2023-01-29 16:27:07,55.1001,-105.2842,-19.95,63,40,12.66,scattered clouds
382,Meulaboh,ID,2023-01-29 16:27:07,4.1363,96.1285,78.17,86,97,2.42,overcast clouds
383,Kailua,US,2023-01-29 16:27:08,21.4022,-157.7394,71.58,89,100,4.0,moderate rain
384,San Patricio,US,2023-01-29 16:27:08,28.017,-97.5169,72.91,84,100,11.16,overcast clouds
385,Catalina,US,2023-01-29 16:27:08,32.5056,-110.9211,54.82,23,0,1.01,clear sky
386,Santa Maria,BR,2023-01-29 16:27:09,-29.6842,-53.8069,85.3,58,40,6.91,scattered clouds
387,Conde,BR,2023-01-29 16:27:09,-7.2597,-34.9075,87.26,55,40,13.8,scattered clouds
388,Sattahip,TH,2023-01-29 16:27:09,12.6664,100.9007,80.98,53,71,10.36,broken clouds
389,Rawlins,US,2023-01-29 16:25:46,41.7911,-107.2387,-2.31,71,100,9.53,light snow
390,Scarborough,GB,2023-01-29 16:24:28,54.2797,-0.4044,46.65,87,99,13.0,overcast clouds
391,Labe,GN,2023-01-29 16:27:10,11.3182,-12.2833,88.5,13,27,1.97,scattered clouds
392,Petropavlovka,RU,2023-01-29 16:27:10,50.6114,105.3196,1.6,94,100,2.24,overcast clouds
393,Port Blair,IN,2023-01-29 16:27:11,11.6667,92.75,80.64,74,40,9.22,haze
394,Aasiaat,GL,2023-01-29 16:27:11,68.7098,-52.8699,-0.6,77,88,19.57,overcast clouds
395,Xuddur,SO,2023-01-29 16:27:11,4.1213,43.8894,83.59,29,39,10.71,scattered clouds
396,Sept-Iles,CA,2023-01-29 16:25:30,50.2001,-66.3821,1.06,58,20,12.66,few clouds
397,Kaohsiung,TW,2023-01-29 16:26:58,22.6163,120.3133,58.95,74,20,5.75,few clouds
398,Biltine,TD,2023-01-29 16:27:12,14.5333,20.9167,93.34,9,97,7.45,overcast clouds
399,Medicine Hat,CA,2023-01-29 16:27:01,50.0501,-110.6683,-0.27,70,100,11.5,overcast clouds
400,Constitucion,CL,2023-01-29 16:27:12,-35.3333,-72.4167,68.9,66,10,9.31,clear sky
401,Polunochnoye,RU,2023-01-29 16:27:12,60.8697,60.4153,10.09,86,100,5.41,overcast clouds
402,Norsup,VU,2023-01-29 16:27:13,-16.0667,167.3833,81.14,82,90,7.34,overcast clouds
403,Goderich,CA,2023-01-29 16:23:48,43.7501,-81.7165,29.91,86,100,10.36,overcast clouds
404,Vila Velha,BR,2023-01-29 16:27:13,-20.3297,-40.2925,87.75,73,40,17.27,scattered clouds
405,Orichi,RU,2023-01-29 16:27:13,58.4036,49.0572,16.63,93,98,10.78,light snow
406,Cururupu,BR,2023-01-29 16:27:14,-1.8283,-44.8683,85.6,62,93,6.49,overcast clouds
407,Nola,IT,2023-01-29 16:27:14,40.922,14.5329,50.41,72,12,5.99,few clouds
408,Vadso,NO,2023-01-29 16:27:14,70.0744,29.7487,32.16,74,75,29.93,broken clouds
409,Szentlorinc,HU,2023-01-29 16:27:15,46.0402,17.9872,32.88,73,21,5.68,few clouds
410,Vicosa Do Ceara,BR,2023-01-29 16:27:15,-3.5622,-41.0922,84.29,44,25,6.73,scattered clouds
411,Staryy Nadym,RU,2023-01-29 16:27:15,65.6118,72.6842,-24.59,100,24,3.36,few clouds
412,Grand Gaube,MU,2023-01-29 16:27:16,-20.0064,57.6608,82.38,79,100,4.38,overcast clouds
413,Kainantu,PG,2023-01-29 16:28:16,-6.2887,145.8655,60.66,98,92,0.47,overcast clouds
414,Gondanglegi,ID,2023-01-29 16:28:17,-7.7479,112.0132,75.4,91,100,0.94,overcast clouds
415,Inhambane,MZ,2023-01-29 16:28:17,-23.865,35.3833,84.18,70,20,6.91,few clouds
416,Nanortalik,GL,2023-01-29 16:28:17,60.1432,-45.2371,25.45,69,100,4.38,overcast clouds
417,Buta,CD,2023-01-29 16:28:17,2.7858,24.73,81.81,51,87,3.04,overcast clouds
418,Sahuaripa,MX,2023-01-29 16:28:18,29.05,-109.2333,60.03,61,9,3.27,clear sky
419,Zambezi,ZM,2023-01-29 16:28:18,-13.5432,23.1047,70.88,89,100,4.65,moderate rain
420,Vanavara,RU,2023-01-29 16:28:19,60.34,102.2797,11.46,97,100,3.6,light snow
421,Caala,AO,2023-01-29 16:28:19,-12.8525,15.5606,61.2,90,100,0.58,light rain
422,Andenes,NO,2023-01-29 16:28:19,69.3143,16.1194,29.93,80,75,5.75,broken clouds
423,Zabol,AF,2023-01-29 16:28:20,32.25,67.25,28.96,98,100,10.78,light snow
424,Duldurga,RU,2023-01-29 16:28:20,50.6761,113.5931,-3.32,99,34,2.66,scattered clouds
425,Potsdam,DE,2023-01-29 16:28:20,52.3989,13.0657,36.18,92,100,1.99,overcast clouds
426,Vwawa,TZ,2023-01-29 16:28:21,-9.1167,32.9333,63.84,91,48,3.83,moderate rain
427,Kholmogory,RU,2023-01-29 16:28:21,64.2229,41.656,21.29,93,100,9.4,overcast clouds
428,Alice Springs,AU,2023-01-29 16:28:21,-23.7,133.8833,74.75,94,75,6.91,light rain
429,Awbari,LY,2023-01-29 16:28:22,26.5921,12.7805,59.38,22,3,9.26,clear sky
430,Ust-Omchug,RU,2023-01-29 16:28:22,61.15,149.6333,-14.12,99,100,6.64,light snow
431,Winnemucca,US,2023-01-29 16:28:22,40.973,-117.7357,25.45,79,100,14.0,overcast clouds
432,Ojinaga,MX,2023-01-29 16:28:23,29.5667,-104.4167,65.57,45,0,0.0,clear sky
433,Yerbogachen,RU,2023-01-29 16:28:23,61.2767,108.0108,3.24,97,100,5.3,light snow
434,Bairiki,KI,2023-01-29 16:28:23,1.3292,172.9752,82.4,83,20,16.11,light rain
435,Harper,LR,2023-01-29 16:28:24,4.375,-7.7169,82.29,72,100,5.95,light rain
436,Asyut,EG,2023-01-29 16:28:24,27.181,31.1837,73.63,21,50,8.28,scattered clouds
437,Labuhan,ID,2023-01-29 16:28:24,-6.8844,112.2051,78.22,86,100,5.06,light rain
438,Namatanai,PG,2023-01-29 16:28:25,-3.6667,152.4333,79.99,81,48,5.91,scattered clouds
439,Apostolove,UA,2023-01-29 16:28:25,47.66,33.7137,30.94,79,87,9.57,overcast clouds
440,Carballo,ES,2023-01-29 16:28:25,43.213,-8.691,54.75,68,5,9.6,clear sky
441,Eureka,US,2023-01-29 16:26:55,40.8021,-124.1637,42.21,97,32,1.01,scattered clouds
442,Eenhana,NA,2023-01-29 16:28:26,-17.4667,16.3333,86.61,35,33,6.8,scattered clouds
443,Clyde River,CA,2023-01-29 16:28:26,70.4692,-68.5914,-27.85,92,32,2.39,scattered clouds
444,San Carlos De Bariloche,AR,2023-01-29 16:28:26,-41.1456,-71.3082,91.44,23,0,6.91,clear sky
445,Zhuhai,CN,2023-01-29 16:28:27,22.2769,113.5678,55.85,50,0,6.91,clear sky
446,Tashtyp,RU,2023-01-29 16:28:27,52.7939,89.8983,17.69,76,97,12.71,overcast clouds
447,Pangkalanbuun,ID,2023-01-29 16:28:28,-2.6833,111.6167,75.2,93,100,3.27,overcast clouds
448,Ancud,CL,2023-01-29 16:28:28,-41.8697,-73.8203,65.84,77,37,7.07,scattered clouds
449,De-Kastri,RU,2023-01-29 16:28:28,51.4667,140.7833,-18.78,98,14,6.17,few clouds
450,Buala,SB,2023-01-29 16:28:29,-8.145,159.5921,77.2,91,100,5.5,moderate rain
451,Boa Vista,BR,2023-01-29 16:28:29,2.8197,-60.6733,87.78,45,20,11.5,few clouds
452,Labrea,BR,2023-01-29 16:28:30,-7.2586,-64.7981,72.61,99,100,3.85,overcast clouds
453,Saint-Leu,RE,2023-01-29 16:28:30,-21.15,55.2833,83.26,82,95,8.23,overcast clouds
454,Zetel,DE,2023-01-29 16:28:30,53.4022,7.9645,40.95,96,100,8.99,overcast clouds
455,Satipo,PE,2023-01-29 16:28:31,-11.2522,-74.6386,81.73,61,100,2.46,light rain
456,Lewistown,US,2023-01-29 16:28:31,40.5992,-77.5714,45.34,87,0,4.61,clear sky
457,Maromitsa,RU,2023-01-29 16:28:31,59.8683,48.0123,14.77,92,100,9.62,overcast clouds
458,Shenjiamen,CN,2023-01-29 16:28:32,29.9576,122.298,44.56,50,0,8.25,clear sky
459,Illela,NG,2023-01-29 16:28:32,13.7292,5.2975,92.34,7,100,9.33,overcast clouds
460,Pagudpud,PH,2023-01-29 16:29:32,18.5616,120.7868,69.78,85,100,17.74,overcast clouds
461,Bilma,NE,2023-01-29 16:29:32,18.6853,12.9164,84.38,10,36,3.87,scattered clouds
462,Seoul,KR,2023-01-29 16:28:14,37.5683,126.9778,31.39,61,0,4.61,clear sky
463,Vestmannaeyjar,IS,2023-01-29 16:29:33,63.4427,-20.2734,36.59,93,40,10.36,scattered clouds
464,Kawalu,ID,2023-01-29 16:29:33,-7.3817,108.2082,72.46,93,99,2.48,overcast clouds
465,Paranga,RU,2023-01-29 16:29:34,56.7039,49.4047,8.85,96,96,9.08,overcast clouds
466,Saint Anthony,US,2023-01-29 16:29:34,45.0205,-93.218,1.45,71,0,10.36,clear sky
467,Tual,ID,2023-01-29 16:29:34,-5.6667,132.75,82.47,77,100,7.94,overcast clouds
468,Concepcion Del Oro,MX,2023-01-29 16:29:35,24.6333,-101.4167,57.92,41,49,4.09,scattered clouds
469,Korem,ET,2023-01-29 16:29:35,12.5058,39.5228,58.12,67,82,8.25,broken clouds
470,General Salgado,BR,2023-01-29 16:29:35,-20.6483,-50.3606,83.07,63,46,6.15,scattered clouds
471,Jieshi,CN,2023-01-29 16:29:36,22.8134,115.8257,54.72,52,31,11.36,scattered clouds
472,Saint-Pierre,RE,2023-01-29 16:28:21,-21.3393,55.4781,83.88,70,0,10.36,clear sky
473,Ruteng,ID,2023-01-29 16:29:36,-8.6136,120.4721,64.49,94,100,0.76,overcast clouds
474,Padang,ID,2023-01-29 16:29:36,-0.9492,100.3543,77.05,88,100,5.91,overcast clouds
475,Bandarbeyla,SO,2023-01-29 16:29:37,9.4942,50.8122,75.87,69,12,21.27,few clouds
476,Abaza,RU,2023-01-29 16:29:37,52.655,90.0928,15.08,88,99,5.77,overcast clouds
477,Sao Joao Da Barra,BR,2023-01-29 16:29:37,-21.6403,-41.0511,87.89,81,99,13.15,overcast clouds
478,Te Anau,NZ,2023-01-29 16:29:38,-45.4167,167.7167,49.93,65,76,0.56,broken clouds
479,Raudeberg,NO,2023-01-29 16:29:38,61.9875,5.1352,45.27,1,100,40.15,overcast clouds
480,Aitape,PG,2023-01-29 16:29:38,-3.1374,142.3475,77.9,85,59,2.51,broken clouds
481,Washington,US,2023-01-29 16:29:39,47.5001,-120.5015,19.98,62,53,1.57,broken clouds
482,Kutum,SD,2023-01-29 16:29:39,14.2,24.6667,82.22,10,54,6.24,broken clouds
483,Katangli,RU,2023-01-29 16:29:39,51.7102,143.2326,-13.41,90,10,14.56,clear sky
484,Ranau,MY,2023-01-29 16:29:40,5.9538,116.6641,70.23,98,93,1.59,light rain
485,Cherskiy,RU,2023-01-29 16:29:40,68.75,161.3,-19.37,99,72,3.74,broken clouds
486,Kavaratti,IN,2023-01-29 16:29:40,10.5669,72.642,80.74,69,38,10.6,scattered clouds
487,Kendari,ID,2023-01-29 16:29:23,-3.945,122.4989,75.85,91,91,1.57,overcast clouds
488,Tomatlan,MX,2023-01-29 16:29:41,19.9333,-105.25,82.65,33,5,0.69,clear sky
489,Port Hardy,CA,2023-01-29 16:29:41,50.6996,-127.4199,24.98,93,20,4.61,few clouds
490,Tiznit,MA,2023-01-29 16:29:41,29.5833,-9.5,60.26,26,0,2.35,clear sky
491,Venezuela,VE,2023-01-29 16:27:22,8.0,-66.0,87.94,34,51,14.9,broken clouds
492,Jalu,LY,2023-01-29 16:29:42,29.0331,21.5482,61.36,39,0,9.71,clear sky
493,Osmena,PH,2023-01-29 16:29:42,10.5208,119.9258,79.11,82,88,24.83,overcast clouds
494,Tanhacu,BR,2023-01-29 16:29:43,-14.0214,-41.2481,86.45,43,0,7.99,clear sky
495,Trapani,IT,2023-01-29 16:29:43,37.8333,12.6667,53.69,82,20,2.3,few clouds
496,Rawson,AR,2023-01-29 16:29:43,-43.3002,-65.1023,85.12,31,0,3.4,clear sky
497,Port Moresby,PG,2023-01-29 16:29:44,-9.4431,147.1797,76.42,94,40,4.61,light rain
498,Komsomolskiy,UZ,2023-01-29 16:29:44,40.4272,71.7189,30.92,74,100,4.61,mist
499,Saint-Augustin,CA,2023-01-29 16:29:44,51.226,-58.6502,7.03,72,26,20.2,scattered clouds
500,Yeppoon,AU,2023-01-29 16:29:45,-23.1333,150.7333,71.38,80,97,6.31,overcast clouds
501,Khudumelapye,BW,2023-01-29 16:29:45,-23.8833,24.75,91.67,21,80,9.17,broken clouds
502,Haines Junction,CA,2023-01-29 16:29:45,60.7522,-137.5108,-1.21,100,82,1.79,broken clouds
503,Araouane,ML,2023-01-29 16:29:46,18.9048,-3.5265,72.93,9,47,4.09,scattered clouds
504,Torrelavega,ES,2023-01-29 16:29:46,43.3494,-4.0479,49.05,66,93,3.4,overcast clouds
505,Umm Lajj,SA,2023-01-29 16:29:46,25.0213,37.2685,76.48,61,8,4.38,clear sky
506,San Joaquin,US,2023-01-29 16:29:47,37.9333,-121.3011,48.36,87,100,6.91,overcast clouds
507,Gobabis,NA,2023-01-29 16:29:47,-22.45,18.9667,90.16,22,65,5.95,broken clouds
508,Zhanaozen,KZ,2023-01-29 16:29:47,43.3,52.8,29.16,46,3,11.34,clear sky
509,Okha,RU,2023-01-29 16:30:48,53.5739,142.9478,-15.14,93,81,17.16,broken clouds
510,Dourbali,TD,2023-01-29 16:30:48,11.8091,15.8632,90.68,10,82,8.59,broken clouds
511,Tabou,CI,2023-01-29 16:30:48,4.423,-7.3528,82.0,74,100,7.87,overcast clouds
512,Sao Jose Da Coroa Grande,BR,2023-01-29 16:30:49,-8.8978,-35.1478,84.02,61,34,10.67,scattered clouds
513,Rudsar,IR,2023-01-29 16:30:49,37.1376,50.288,49.98,82,41,5.55,scattered clouds
514,Wagar,SD,2023-01-29 16:30:50,16.1525,36.2032,84.22,33,50,11.16,scattered clouds
515,Zakamensk,RU,2023-01-29 16:30:50,50.3741,103.2863,-2.61,96,99,3.53,overcast clouds
516,Beidao,CN,2023-01-29 16:30:50,34.5686,105.8933,33.66,39,0,3.38,clear sky
517,Nhulunbuy,AU,2023-01-29 16:30:51,-12.2333,136.7667,79.41,89,99,5.75,overcast clouds
518,Columbus,US,2023-01-29 16:28:12,39.9612,-82.9988,44.06,94,100,11.5,mist
519,Cherlak,RU,2023-01-29 16:30:51,54.155,74.8055,2.46,98,53,8.1,broken clouds
520,San Pedro,PH,2023-01-29 16:30:51,14.35,121.0167,76.23,77,20,3.44,few clouds
521,Qui Nhon,VN,2023-01-29 16:30:52,13.7667,109.2333,68.04,72,98,22.93,overcast clouds
522,Homer,US,2023-01-29 16:27:02,59.6425,-151.5483,35.47,88,100,5.75,overcast clouds
523,Sorland,NO,2023-01-29 16:30:52,67.667,12.6934,35.46,83,100,23.44,light rain
524,Broken Hill,AU,2023-01-29 16:30:53,-31.95,141.4333,68.18,87,100,10.16,overcast clouds
525,Tyulgan,RU,2023-01-29 16:30:53,52.3405,56.166,-3.87,99,69,3.06,broken clouds
526,Santa Vitoria Do Palmar,BR,2023-01-29 16:30:53,-33.5189,-53.3681,80.74,57,45,14.79,scattered clouds
527,Rio Claro,BR,2023-01-29 16:29:56,-22.4114,-47.5614,79.3,70,93,4.61,light rain
528,Manicore,BR,2023-01-29 16:30:54,-5.8092,-61.3003,76.95,83,0,1.14,light rain
529,Oksfjord,NO,2023-01-29 16:30:54,70.2396,22.3479,32.18,87,94,8.08,light snow
530,Brandon,US,2023-01-29 16:27:47,27.9378,-82.2859,80.2,70,0,8.05,clear sky
531,Hirara,JP,2023-01-29 16:30:54,24.8,125.2833,60.73,56,66,15.59,broken clouds
532,Yunhe,CN,2023-01-29 16:30:55,34.0833,119.7167,33.62,50,0,3.6,clear sky
533,Iracoubo,GF,2023-01-29 16:30:55,5.4802,-53.2011,79.92,73,44,9.73,scattered clouds
534,Slonim,BY,2023-01-29 16:30:56,53.0867,25.3219,30.33,92,100,10.74,overcast clouds
535,Balintore,GB,2023-01-29 16:30:56,57.7556,-3.9123,46.49,69,100,25.32,overcast clouds
536,Zhangye,CN,2023-01-29 16:30:56,38.9342,100.4517,24.87,34,51,6.6,broken clouds
537,Srandakan,ID,2023-01-29 16:30:57,-7.9386,110.2506,76.96,89,100,3.04,overcast clouds
538,Tougue,GN,2023-01-29 16:30:57,11.4667,-11.6,89.82,12,48,2.01,scattered clouds
539,Clyde,US,2023-01-29 16:30:57,41.3042,-82.9752,42.66,94,100,9.17,light rain
540,Lumberton,US,2023-01-29 16:30:58,34.6182,-79.0086,58.91,62,40,0.0,scattered clouds
541,Moron,AR,2023-01-29 16:30:58,-34.6534,-58.6198,88.02,59,0,10.33,clear sky
542,Ahipara,NZ,2023-01-29 16:30:59,-35.1667,173.1667,67.86,94,100,8.7,light rain
543,Redmond,US,2023-01-29 16:30:30,47.674,-122.1215,34.88,85,2,1.01,clear sky
544,Faanui,PF,2023-01-29 16:30:59,-16.4833,-151.75,80.4,76,13,13.4,few clouds
545,Atar,MR,2023-01-29 16:30:59,20.5169,-13.0499,73.62,26,33,11.48,scattered clouds
546,Krasnoborsk,RU,2023-01-29 16:31:00,61.5598,45.934,17.2,90,100,8.46,overcast clouds
547,Tucuma,BR,2023-01-29 16:31:00,-0.1833,-50.05,81.79,75,32,5.55,scattered clouds
548,Sturgeon Falls,CA,2023-01-29 16:31:00,46.3646,-79.9326,15.89,84,100,6.58,overcast clouds
549,Petropavlovsk-Kamchatskiy,RU,2023-01-29 16:26:17,53.0452,158.6483,25.39,59,75,4.47,broken clouds
550,Basoko,CD,2023-01-29 16:31:01,1.2391,23.616,77.56,66,48,5.68,scattered clouds
551,Key West,US,2023-01-29 16:26:34,24.5557,-81.7826,79.0,80,0,20.71,clear sky
552,Abeche,TD,2023-01-29 16:31:01,13.8292,20.8324,87.24,11,100,9.06,overcast clouds
553,Dali,CN,2023-01-29 16:31:02,25.7,100.1833,44.35,64,4,1.14,clear sky
554,Magdagachi,RU,2023-01-29 16:31:02,53.45,125.8,-28.73,100,90,2.01,overcast clouds
555,Watsa,CD,2023-01-29 16:32:02,3.0372,29.5355,74.59,35,42,2.19,scattered clouds
556,Porto Novo,BJ,2023-01-29 16:32:03,6.4965,2.6036,87.62,59,97,9.69,overcast clouds
557,Prince Rupert,CA,2023-01-29 16:32:03,54.3161,-130.3201,33.49,79,0,13.8,clear sky
558,Lucapa,AO,2023-01-29 16:32:03,-8.4192,20.7447,69.1,91,100,4.36,overcast clouds
559,Erenhot,CN,2023-01-29 16:32:04,43.6475,111.9767,11.37,69,2,7.87,clear sky
560,Harlingen,US,2023-01-29 16:27:54,26.1906,-97.6961,77.09,87,100,14.97,overcast clouds
561,Tawau,MY,2023-01-29 16:32:04,4.2498,117.8871,75.33,88,93,5.37,overcast clouds
562,Chiang Khong,TH,2023-01-29 16:32:05,20.2613,100.4046,60.06,71,1,3.36,clear sky
563,Yushan,CN,2023-01-29 16:32:05,31.3776,120.9543,43.99,53,0,4.21,clear sky
564,Guerrero Negro,MX,2023-01-29 16:27:12,27.9769,-114.0611,56.19,75,5,3.04,clear sky
565,The Valley,AI,2023-01-29 16:28:16,18.217,-63.0578,82.26,69,40,14.97,scattered clouds
566,Sagae,JP,2023-01-29 16:32:06,38.3725,140.2725,25.09,94,97,0.94,overcast clouds
567,Acarau,BR,2023-01-29 16:32:06,-2.8856,-40.12,84.63,62,32,14.9,scattered clouds
568,Isangel,VU,2023-01-29 16:32:07,-19.55,169.2667,78.94,85,29,3.49,scattered clouds
569,Ukiah,US,2023-01-29 16:30:02,39.1502,-123.2078,41.38,89,0,0.0,clear sky
570,Beyneu,KZ,2023-01-29 16:32:07,45.3167,55.2,29.53,72,6,12.1,clear sky
571,Roald,NO,2023-01-29 16:32:07,62.5833,6.1333,48.33,87,75,34.52,broken clouds
572,Ola,RU,2023-01-29 16:32:08,59.5833,151.2833,10.62,78,100,10.47,overcast clouds
573,Shelburne,CA,2023-01-29 16:32:08,44.0787,-80.2041,24.91,91,100,9.86,light snow
574,Udankudi,IN,2023-01-29 16:32:09,8.4333,78.0167,77.99,78,59,14.0,broken clouds
575,Merauke,ID,2023-01-29 16:32:09,-8.4667,140.3333,80.17,82,100,2.8,overcast clouds
576,Simao,CN,2023-01-29 16:32:09,22.7886,100.9748,46.92,94,0,2.62,clear sky
577,Arkadelphia,US,2023-01-29 16:32:10,34.1209,-93.0538,59.18,100,100,5.75,mist
578,Nyazepetrovsk,RU,2023-01-29 16:32:10,56.0531,59.6028,10.63,95,99,6.62,overcast clouds
579,Gao,ML,2023-01-29 16:32:10,16.6362,1.637,77.88,5,87,6.24,overcast clouds
580,Pacifica,US,2023-01-29 16:32:11,37.6138,-122.4869,50.68,77,75,24.16,broken clouds
581,Nha Trang,VN,2023-01-29 16:32:11,12.25,109.1833,69.8,82,80,13.0,broken clouds
582,Barranca,PE,2023-01-29 16:32:12,-10.75,-77.7667,76.23,67,94,7.67,overcast clouds
583,Coahuayana,MX,2023-01-29 16:32:12,18.7333,-103.6833,87.84,26,1,4.47,clear sky
584,Ayr,GB,2023-01-29 16:32:12,55.4627,-4.6339,49.89,93,75,21.85,broken clouds
585,Arandis,NA,2023-01-29 16:32:13,-22.4167,14.9667,71.46,55,4,10.11,clear sky
586,Barra Do Corda,BR,2023-01-29 16:32:13,-5.5,-45.25,87.4,57,30,4.76,scattered clouds
587,Nioro,GM,2023-01-29 16:32:13,13.35,-15.75,90.48,7,92,7.74,overcast clouds
588,Praxedis Guerrero,MX,2023-01-29 16:32:14,31.3667,-106.0167,47.66,24,13,3.27,few clouds
589,Port-Gentil,GA,2023-01-29 16:32:14,-0.7193,8.7815,87.76,66,20,6.91,few clouds
590,Santa Lucia,ES,2023-01-29 16:32:15,27.9117,-15.5407,57.76,59,75,11.5,broken clouds
591,Yining,CN,2023-01-29 16:32:15,29.0361,114.5636,38.48,44,0,1.9,clear sky
592,Kayes,ML,2023-01-29 16:32:16,14.0,-11.0,88.7,7,89,9.04,overcast clouds
593,Acajutla,SV,2023-01-29 16:32:16,13.5928,-89.8275,86.31,42,23,4.88,few clouds
594,Khandyga,RU,2023-01-29 16:32:16,62.6667,135.6,-52.89,100,76,0.54,broken clouds
595,Plainview,US,2023-01-29 16:30:54,40.7765,-73.4673,50.63,73,0,12.66,clear sky
596,Colwyn Bay,GB,2023-01-29 16:32:17,53.2948,-3.7267,46.56,86,81,14.74,broken clouds
597,Mountain Home,US,2023-01-29 16:32:17,43.133,-115.6912,20.14,82,100,8.05,overcast clouds
598,Kewanee,US,2023-01-29 16:32:18,41.2456,-89.9248,20.48,87,100,11.86,overcast clouds
599,Darhan,MN,2023-01-29 16:32:18,49.4867,105.9228,-0.62,96,96,3.83,overcast clouds
600,Ocos,GT,2023-01-29 16:33:19,14.5094,-92.1933,84.38,61,3,7.43,clear sky
601,Guadalupe Y Calvo,MX,2023-01-29 16:33:19,26.1,-106.9667,51.15,50,14,8.72,few clouds
602,Seredeyskiy,RU,2023-01-29 16:33:19,54.0507,35.2318,24.84,79,100,7.2,overcast clouds
603,Jaciara,BR,2023-01-29 16:33:20,-15.9653,-54.9683,83.37,58,92,2.53,overcast clouds
604,Asau,RO,2023-01-29 16:33:20,46.4333,26.4,27.52,95,92,0.6,overcast clouds
605,Japura,ID,2023-01-29 16:33:20,-0.3167,102.35,72.25,98,100,2.48,overcast clouds
606,Giddalur,IN,2023-01-29 16:33:21,15.35,78.9167,67.89,92,16,3.71,few clouds
607,Ndele,CF,2023-01-29 16:33:21,8.4109,20.6473,87.91,13,57,5.06,broken clouds
608,Pelym,RU,2023-01-29 16:33:21,61.0108,61.9978,13.95,86,99,8.21,overcast clouds
609,Khilok,RU,2023-01-29 16:33:22,51.3674,110.4676,2.66,96,98,2.66,overcast clouds
610,Cabedelo,BR,2023-01-29 16:31:53,-6.9811,-34.8339,88.47,65,17,13.44,few clouds
611,Cuamba,MZ,2023-01-29 16:33:22,-14.8031,36.5372,72.0,93,74,1.74,broken clouds
612,New Iberia,US,2023-01-29 16:29:47,30.0035,-91.8187,64.47,94,100,8.05,heavy intensity rain
613,Bardiyah,LY,2023-01-29 16:33:23,31.7561,25.0865,58.21,62,4,8.48,clear sky
614,Kieta,PG,2023-01-29 16:33:23,-6.2167,155.6333,78.85,86,98,4.25,overcast clouds
615,Agadez,NE,2023-01-29 16:33:23,19.75,10.25,71.35,6,87,7.65,overcast clouds
616,Warora,IN,2023-01-29 16:33:24,20.2333,79.0,75.13,35,2,1.1,clear sky
617,Hualmay,PE,2023-01-29 16:33:24,-11.0964,-77.6139,76.53,70,84,8.37,broken clouds
618,Micheweni,TZ,2023-01-29 16:33:25,-4.9667,39.8333,79.99,76,81,15.35,broken clouds
619,Ongandjera,NA,2023-01-29 16:33:25,-17.8833,15.0667,88.2,30,35,1.34,scattered clouds
620,Egvekinot,RU,2023-01-29 16:33:25,66.3167,-179.1667,12.49,92,84,10.56,broken clouds
621,Panjab,AF,2023-01-29 16:33:26,34.388,67.0233,20.97,96,100,1.79,snow
622,Mahibadhoo,MV,2023-01-29 16:33:26,3.7833,72.9667,80.17,77,15,7.36,few clouds
623,Otradnoye,RU,2023-01-29 16:33:26,59.7775,30.8181,33.85,89,100,9.86,overcast clouds
624,Maksatikha,RU,2023-01-29 16:33:27,57.797,35.8825,24.06,94,100,6.49,overcast clouds
625,Bichura,RU,2023-01-29 16:33:27,50.5881,107.6022,4.93,93,100,1.3,overcast clouds
626,Puerto Carreno,CO,2023-01-29 16:29:24,6.189,-67.4859,87.78,48,0,11.5,clear sky
627,Glenwood Springs,US,2023-01-29 16:33:27,39.5505,-107.3248,31.06,77,100,14.97,fog
628,Atherton,GB,2023-01-29 16:33:28,53.5237,-2.4935,46.47,87,89,1.99,overcast clouds
629,Guamuchil,MX,2023-01-29 16:33:28,25.4667,-108.1,61.68,51,28,1.57,scattered clouds
630,Sosnytsya,UA,2023-01-29 16:33:29,51.5239,32.4999,27.14,78,91,5.48,overcast clouds
631,Posse,BR,2023-01-29 16:33:29,-14.0931,-46.3694,81.7,58,88,1.34,overcast clouds
632,Sinnamary,GF,2023-01-29 16:33:29,5.3833,-52.95,80.2,72,36,9.53,scattered clouds
633,Peniche,PT,2023-01-29 16:33:30,39.3558,-9.3811,55.56,57,2,9.35,clear sky
634,Farafangana,MG,2023-01-29 16:33:30,-22.8167,47.8333,80.37,78,77,5.7,light rain
635,Oussouye,SN,2023-01-29 16:33:31,12.485,-16.5469,95.18,16,97,12.1,overcast clouds
636,Kerema,PG,2023-01-29 16:33:31,-7.9631,145.7785,76.6,92,100,6.62,overcast clouds
637,Alofi,NU,2023-01-29 16:33:31,-19.0595,-169.9187,73.29,100,54,3.44,light rain
638,Solnechnyy,RU,2023-01-29 16:33:32,50.7214,136.6319,-22.13,96,37,3.56,scattered clouds
639,Nikel,RU,2023-01-29 16:33:32,69.4128,30.222,26.78,92,100,22.3,light snow
640,Fort Nelson,CA,2023-01-29 16:30:30,58.8053,-122.7002,-4.41,77,75,0.0,broken clouds
641,Alyangula,AU,2023-01-29 16:33:33,-13.8483,136.4192,81.97,79,93,9.35,overcast clouds
642,Machali,CL,2023-01-29 16:33:33,-34.1833,-70.6667,83.48,30,0,10.36,clear sky
643,Oltu,TR,2023-01-29 16:33:34,40.5498,42.0013,34.0,95,100,2.68,light snow
644,Baykit,RU,2023-01-29 16:33:34,61.67,96.37,-0.09,100,99,1.14,overcast clouds
645,Savelugu,GH,2023-01-29 16:33:34,9.6244,-0.8253,95.59,8,100,5.55,overcast clouds
646,Maniitsoq,GL,2023-01-29 16:34:35,65.4167,-52.9,21.04,90,100,18.86,snow
647,Nayagarh,IN,2023-01-29 16:34:35,20.1333,85.1,65.55,87,0,2.21,clear sky
648,Srednekolymsk,RU,2023-01-29 16:34:35,67.45,153.6833,-23.37,96,100,4.83,overcast clouds
649,Goundam,ML,2023-01-29 16:34:36,16.4145,-3.6708,76.62,6,100,5.66,overcast clouds
650,Havelock,US,2023-01-29 16:34:36,34.8791,-76.9013,65.95,61,46,3.0,scattered clouds
651,Daugai,LT,2023-01-29 16:34:37,54.3667,24.3333,31.59,94,100,13.33,light snow
652,Diamantino,BR,2023-01-29 16:34:37,-14.4086,-56.4461,81.97,65,92,6.33,overcast clouds
653,Lazurne,UA,2023-01-29 16:34:37,46.084,32.5295,33.55,93,100,19.53,overcast clouds
654,Waddan,LY,2023-01-29 16:34:38,29.1614,16.139,54.28,25,0,9.04,clear sky
655,Ostroh,UA,2023-01-29 16:34:38,50.3294,26.5143,28.02,71,85,6.24,overcast clouds
656,Dvubratskiy,RU,2023-01-29 16:34:38,45.2389,39.805,40.95,73,100,6.35,overcast clouds
657,Sibiti,CG,2023-01-29 16:34:39,-3.6819,13.3499,72.01,95,100,3.62,overcast clouds
658,Hit,IQ,2023-01-29 16:32:45,33.6416,42.8251,58.48,51,72,9.55,broken clouds
659,Troitskoye,RU,2023-01-29 16:34:39,52.9821,84.6757,14.18,93,100,11.48,light snow
